{"IMG_4324.JPG": [[34.51580810546875, 216.66323852539062], [337.6048583984375, 127.210693359375]], "IMG_4325.JPG": [[344.8454284667969, 152.75645446777344], [40.03342056274414, 183.71466064453125]], "IMG_4326.JPG": [[358.4306640625, 181.84683227539062], [50.80120086669922, 162.3022003173828]], "IMG_4327.JPG": [[366.688720703125, 212.68569946289062], [63.676700592041016, 136.5634307861328]], "IMG_4328.JPG": [[80.60719299316406, 106.40412902832031], [380.5743408203125, 233.6251220703125]], "IMG_4329.JPG": [[89.05424499511719, 85.50968933105469], [374.3959655761719, 266.81536865234375]], "IMG_4330.JPG": [[105.68143463134766, 66.88441467285156], [359.1783447265625, 306.135986328125]], "IMG_4331.JPG": [[121.63674926757812, 51.02470779418945], [323.36260986328125, 307.5008544921875]], "IMG_4332.JPG": [[139.18519592285156, 47.39269256591797], [281.8597717285156, 297.7215881347656]], "IMG_4333.JPG": [[259.23114013671875, 280.27508544921875], [152.19122314453125, 38.05839157104492]], "IMG_4334.JPG": [[256.07440185546875, 260.8065490722656]], "IMG_4335.JPG": [[254.78932189941406, 233.94032287597656], [170.66357421875, 28.527095794677734]], "IMG_4336.JPG": [[252.8795623779297, 227.60208129882812]], "IMG_4337.JPG": [[252.02223205566406, 208.31260681152344]], "IMG_4338.JPG": [[248.49642944335938, 191.04554748535156]], "IMG_4339.JPG": [[252.21484375, 189.4218292236328], [198.93174743652344, 39.704986572265625]], "IMG_4340.JPG": [[255.9566192626953, 176.86947631835938], [204.68600463867188, 40.18891525268555]], "IMG_4341.JPG": [[259.3769836425781, 157.8758544921875], [207.34930419921875, 40.534934997558594]], "IMG_4342.JPG": [[213.5172576904297, 40.91424560546875], [258.4950866699219, 153.1288299560547]], "IMG_4343.JPG": [[213.52532958984375, 43.96852111816406], [258.0816955566406, 145.21868896484375]], "IMG_4344.JPG": [[213.87298583984375, 45.20581817626953], [257.3698425292969, 124.75301361083984]], "IMG_4345.JPG": [[215.7122802734375, 46.35314178466797], [257.58978271484375, 115.88777923583984]], "IMG_4346.JPG": [[217.60386657714844, 50.96867752075195], [261.132080078125, 112.67230224609375]], "IMG_4347.JPG": [[264.278076171875, 94.94146728515625], [217.06292724609375, 58.016422271728516]], "IMG_4348.JPG": [[215.15843200683594, 62.01806640625], [264.2881164550781, 87.82169342041016]], "IMG_4349.JPG": [[214.1618194580078, 65.57542419433594], [264.17388916015625, 84.7011947631836]], "IMG_4350.JPG": [[213.33338928222656, 77.88267517089844], [261.8098449707031, 70.36737060546875]], "IMG_4351.JPG": [[261.1112976074219, 61.91958236694336], [214.5357666015625, 80.17427062988281]], "IMG_4352.JPG": [[213.4208984375, 85.8185043334961], [260.2719421386719, 58.90595245361328]], "IMG_4353.JPG": [[258.3178405761719, 47.89158630371094], [212.8324432373047, 100.07577514648438]], "IMG_4354.JPG": [[252.24191284179688, 42.21430587768555], [209.90771484375, 112.027587890625]], "IMG_4355.JPG": [[246.0640869140625, 36.60280990600586], [210.608642578125, 124.33830261230469]], "IMG_4356.JPG": [[238.5359649658203, 36.43489456176758], [212.76889038085938, 134.7808837890625]], "IMG_4357.JPG": [[213.08013916015625, 137.5693359375], [233.49557495117188, 36.21406173706055]], "IMG_4358.JPG": [[227.1864776611328, 35.834590911865234], [210.13368225097656, 152.2406005859375]], "IMG_4359.JPG": [[209.69635009765625, 164.4949951171875], [214.7218475341797, 31.522184371948242]], "IMG_4360.JPG": [[209.2428741455078, 172.30885314941406], [209.95596313476562, 32.324073791503906]], "IMG_4361.JPG": [[208.23687744140625, 193.72882080078125], [199.3876190185547, 31.041696548461914]], "IMG_4362.JPG": [[207.84329223632812, 204.76600646972656], [182.5889434814453, 29.71748924255371]], "IMG_4363.JPG": [[212.79385375976562, 212.40003967285156], [168.6516571044922, 36.815887451171875]], "IMG_4364.JPG": [[156.94308471679688, 38.71110916137695], [212.8339385986328, 235.4981231689453]], "IMG_4365.JPG": [[151.47653198242188, 40.85970687866211], [214.75204467773438, 246.90655517578125]], "IMG_4366.JPG": [[143.16258239746094, 46.453609466552734], [220.80809020996094, 251.79531860351562]], "IMG_4367.JPG": [[139.03854370117188, 54.570106506347656], [236.7735595703125, 269.2243347167969]], "IMG_4368.JPG": [[129.9376678466797, 55.60318374633789], [242.60614013671875, 279.77960205078125]], "IMG_4369.JPG": [[124.98045349121094, 60.64741134643555], [255.77757263183594, 280.8625183105469], [264.35888671875, 251.69573974609375]], "IMG_4370.JPG": [[118.56342315673828, 70.37027740478516], [279.4556884765625, 293.0018310546875]], "IMG_4371.JPG": [[109.34444427490234, 74.029296875], [283.63262939453125, 290.6042785644531]], "IMG_4372.JPG": [[100.27941131591797, 86.24002075195312], [298.0484313964844, 289.6334228515625], [99.07852935791016, 66.99360656738281]], "IMG_4373.JPG": [[98.14421081542969, 93.77437591552734], [312.9293518066406, 292.3515930175781], [93.48348236083984, 75.57369995117188]], "IMG_4374.JPG": [[323.2512512207031, 287.16998291015625], [97.77747344970703, 97.08234405517578]], "IMG_4375.JPG": [[341.406982421875, 277.3564758300781], [91.01371765136719, 111.85275268554688]], "IMG_4376.JPG": [[87.73959350585938, 117.88365936279297], [351.813720703125, 268.2574768066406]], "IMG_4377.JPG": [[82.88184356689453, 122.91317749023438], [358.3187561035156, 265.82391357421875]], "IMG_4378.JPG": [[74.3177719116211, 128.12850952148438], [361.4635314941406, 254.21331787109375]], "IMG_4379.JPG": [[69.55084228515625, 142.8472137451172], [368.2923278808594, 239.1809844970703]], "IMG_4380.JPG": [[65.7088394165039, 151.9178466796875], [369.7077941894531, 229.26486206054688]], "IMG_4381.JPG": [[55.48777389526367, 175.70677185058594], [368.86138916015625, 208.48593139648438]], "IMG_4382.JPG": [[40.98366928100586, 184.28399658203125], [362.1058044433594, 190.47723388671875]], "IMG_4383.JPG": [[34.85028076171875, 214.8248291015625], [368.1269836425781, 177.47291564941406]], "IMG_4384.JPG": [[362.1118469238281, 163.6576690673828], [30.66861343383789, 234.78741455078125]], "IMG_4385.JPG": [[361.3788146972656, 158.5761260986328]], "IMG_4386.JPG": [[359.993408203125, 150.63919067382812], [29.38340187072754, 259.69390869140625]], "IMG_4387.JPG": [[357.7318420410156, 140.0227508544922], [29.721391677856445, 274.8212890625], [345.24505615234375, 134.3260040283203]], "IMG_4388.JPG": [[355.1824951171875, 135.8072967529297], [25.575450897216797, 276.5616149902344]], "IMG_4389.JPG": [[354.5799865722656, 126.79924011230469], [15.6343412399292, 316.1945495605469]], "IMG_4390.JPG": [[351.388916015625, 113.9278564453125]], "IMG_4391.JPG": [[349.659423828125, 104.87076568603516]], "IMG_4392.JPG": [[344.4518737792969, 97.26763916015625]], "IMG_4393.JPG": [[341.5784912109375, 95.312744140625]], "IMG_4394.JPG": [[340.67279052734375, 86.91288757324219]], "IMG_4395.JPG": [[339.48834228515625, 79.17443084716797]], "IMG_4396.JPG": [[338.7191467285156, 77.14920806884766]], "IMG_4397.JPG": [[337.8218994140625, 68.63551330566406]], "IMG_4398.JPG": [[334.1274108886719, 55.43495559692383]], "IMG_4399.JPG": [[329.8577880859375, 45.192787170410156]]}